authorId,author,authorProfile,commentId,commentLink,commentBody,attachedCommentLinks,publishingDate,dislikes,upvotes,downvotes,replyTo
t2_bcxve1ah,Hungry-Move-6603,https://www.reddit.com/user/Hungry-Move-6603,t1_n2ybup0,https://www.reddit.com/r/nagpur/comments/1lyb0p5/a_very_odd_experience/n2ybup0/,"I was caught without helmet and license (close to my home). Cops outright wanted to fine me, but a 'common guy' came in and discussed bribe on my behalf with cops. I gave him 200rs (back in 2011) and Cops let me go.He was not a common man. He was their agent and shield. If I or anyone recorded myself handing out money, it would be to a common man, not cops directly.",[],2025-07-13T19:53:17+00:00,0,0,1,"{'postTitle': 'A very odd experience', 'postLink': 'https://www.reddit.com/r/nagpur/comments/1lyb0p5/a_very_odd_experience/', 'postAuthor': 'Livid_Duck_4143', 'postSubreddit': 'r/nagpur'}"
t2_bcxve1ah,Hungry-Move-6603,https://www.reddit.com/user/Hungry-Move-6603,t1_n2y7g0s,https://www.reddit.com/r/nagpur/comments/1lyb0p5/a_very_odd_experience/n2y7g0s/,Cops keep a civ around to discuss bribes.,[],2025-07-13T19:31:23+00:00,0,0,1,"{'postTitle': 'A very odd experience', 'postLink': 'https://www.reddit.com/r/nagpur/comments/1lyb0p5/a_very_odd_experience/', 'postAuthor': 'Livid_Duck_4143', 'postSubreddit': 'r/nagpur'}"
t2_bcxve1ah,Hungry-Move-6603,https://www.reddit.com/user/Hungry-Move-6603,t1_n2vkdpb,https://www.reddit.com/r/IndiaUnfilter/comments/1lw6ijt/people_are_smoking_hookah_in_the_middle_of_the/n2vkdpb/,Toh hum Noida or Ghaziabad se pahadio ko bhagana shuru karein fir? ðŸ˜‚ Bhukmari ajaegi,[],2025-07-13T10:31:41+00:00,0,0,1,"{'postTitle': 'People are smoking hookah in the middle of the Ganga river, and when a local Uttarakhand boy tried to make them understand, they started abusing him and even threatened to kill him.', 'postLink': 'https://www.reddit.comhttps://v.redd.it/g1fndueb00cf1', 'postAuthor': 'ImaginaryGood272', 'postSubreddit': 'r/IndiaUnfilter'}"
t2_bcxve1ah,Hungry-Move-6603,https://www.reddit.com/user/Hungry-Move-6603,t1_n2kh3aq,https://www.reddit.com/r/lucknow/comments/1lwbwu9/any_tiffin_service_providing_high_quality_food/n2kh3aq/,A menu easy to cook/process - healthy and quick.,[],2025-07-11T15:47:19+00:00,0,0,1,"{'postTitle': 'Any Tiffin service providing high quality food ? Tired of the poor quality ingredients and taste', 'postLink': 'https://www.reddit.com/r/lucknow/comments/1lwbwu9/any_tiffin_service_providing_high_quality_food/', 'postAuthor': 'Frosty_Operation_856', 'postSubreddit': 'r/lucknow'}"
t2_bcxve1ah,Hungry-Move-6603,https://www.reddit.com/user/Hungry-Move-6603,t1_n2ilsqh,https://www.reddit.com/r/lucknow/comments/1lwyhny/everyone_is_something_in_lko/n2ilsqh/,Haha Delhi is hateable too but mostly those are HR or UP14 NCR vehicle. Plus the percentage of vehicles of such sort is low.,[],2025-07-11T08:46:21+00:00,0,0,1,"{'postTitle': 'Everyone is something in LKO', 'postLink': 'https://www.reddit.com/r/lucknow/comments/1lwyhny/everyone_is_something_in_lko/', 'postAuthor': 'Hungry-Move-6603', 'postSubreddit': 'r/lucknow'}"
t2_bcxve1ah,Hungry-Move-6603,https://www.reddit.com/user/Hungry-Move-6603,t1_n2ihjjp,https://www.reddit.com/r/lucknow/comments/1lwyhny/everyone_is_something_in_lko/n2ihjjp/,"Its about the volume/%. The number of cars having these stickers is way too high compared to Delhi, or anywhere else.",[],2025-07-11T08:05:08+00:00,5,5,6,"{'postTitle': 'Everyone is something in LKO', 'postLink': 'https://www.reddit.com/r/lucknow/comments/1lwyhny/everyone_is_something_in_lko/', 'postAuthor': 'Hungry-Move-6603', 'postSubreddit': 'r/lucknow'}"
t2_bcxve1ah,Hungry-Move-6603,https://www.reddit.com/user/Hungry-Move-6603,t1_n2igp7d,https://www.reddit.com/r/lucknow/comments/1lwyhny/everyone_is_something_in_lko/n2igp7d/,Never seen anything of this sort in capital city of India. So yes I did not expect ðŸ¤ª,[],2025-07-11T07:57:10+00:00,5,5,6,"{'postTitle': 'Everyone is something in LKO', 'postLink': 'https://www.reddit.com/r/lucknow/comments/1lwyhny/everyone_is_something_in_lko/', 'postAuthor': 'Hungry-Move-6603', 'postSubreddit': 'r/lucknow'}"
t2_bcxve1ah,Hungry-Move-6603,https://www.reddit.com/user/Hungry-Move-6603,t1_n2hx8z7,https://www.reddit.com/r/indiasocial/comments/1lwl70s/a_45_year_old_man_is_harassing_me/n2hx8z7/,Dont you have big muscle brothers or friends? or cop/lawyer friends? My hands are always itching to teach a lesson to such people.,[],2025-07-11T05:06:36+00:00,0,0,1,"{'postTitle': 'A 45 year old man is harassing me.', 'postLink': 'https://www.reddit.comhttps://i.redd.it/akaujxpth3cf1.jpeg', 'postAuthor': 'Logical-Ring-3018', 'postSubreddit': 'r/indiasocial'}"
t2_bcxve1ah,Hungry-Move-6603,https://www.reddit.com/user/Hungry-Move-6603,t1_n2hvomb,https://www.reddit.com/r/lucknow/comments/1lwbwu9/any_tiffin_service_providing_high_quality_food/n2hvomb/,Same problem. I started eating power meals at home atleast saves me from crap quality. I even purchased a 250 per meal tiffin and it had palm oil!!!,[],2025-07-11T04:54:25+00:00,1,1,2,"{'postTitle': 'Any Tiffin service providing high quality food ? Tired of the poor quality ingredients and taste', 'postLink': 'https://www.reddit.com/r/lucknow/comments/1lwbwu9/any_tiffin_service_providing_high_quality_food/', 'postAuthor': 'Frosty_Operation_856', 'postSubreddit': 'r/lucknow'}"
t2_bcxve1ah,Hungry-Move-6603,https://www.reddit.com/user/Hungry-Move-6603,t1_jyikpuz,https://www.reddit.com/r/amiugly/comments/16650bx/deleted_by_user/jyikpuz/,Below Average.,[],2023-08-31T13:13:53+00:00,0,0,1,"{'postTitle': '[deleted by user]', 'postLink': 'https://www.reddit.com', 'postAuthor': None, 'postSubreddit': 'r/amiugly'}"
